unique_id,location_name,lat,lng
1,Burger King,25.8092,-80.24
2,Burger King,25.8587,-80.2094
3,Burger King,25.4849,-80.461
4,Burger King,25.8471,-80.2415
5,Burger King,25.6849,-80.3125
6,Burger King,25.7502,-80.2429
7,Burger King,25.6003,-80.3537
8,Burger King,25.8306,-80.2661
9,Burger King,25.926,-80.1617
10,Burger King,25.9466,-80.2056
11,Burger King,25.7328,-80.3514
12,Burger King,26.1368,-80.1615
13,Burger King,25.8917,-80.2111
14,Burger King,25.9864,-80.2065
15,Burger King,25.8668,-80.3009
16,Burger King,25.9377,-80.2449
17,Burger King,25.9256,-80.2772
18,Burger King,25.7331,-80.3086
19,Burger King,25.8251,-80.208
20,Burger King,25.7915,-80.1891
21,Burger King,24.5603,-81.7811
22,Burger King,30.4342,-87.2758
23,Burger King,25.8099,-80.2083
24,Burger King,26.0323,-80.1431
25,Burger King,25.8134,-80.1344
26,Burger King,26.1376,-80.1247
27,Burger King,25.8675,-80.2662
28,Burger King,25.795,-80.2175
29,Burger King,26.1667,-80.1467
30,Burger King,26.122,-80.1501
31,Burger King,25.6474,-80.3322
32,Burger King,29.187,-82.1061
33,Burger King,26.6183,-80.0574
34,Burger King,26.0114,-80.153
35,Burger King,28.3573,-80.6927
36,Burger King,26.6041,-81.872
37,Burger King,25.7718,-80.2632
38,Burger King,26.0187,-80.2078
39,Burger King,26.7237,-80.0531
40,Burger King,26.2322,-80.1026
41,Burger King,29.6667,-82.3247
42,Burger King,26.707,-80.1056
43,Burger King,25.8887,-80.1638
44,Burger King,25.8083,-80.2894
45,Burger King,25.7781,-80.2888
46,Burger King,24.7294,-81.0355
47,Burger King,25.899,-80.2434
48,Burger King,25.8985,-80.2923
49,Burger King,26.0249,-80.2427
50,Burger King,26.1656,-80.2564
51,Burger King,25.7528,-80.2626
52,Burger King,26.2361,-80.2047
53,Burger King,26.0723,-80.2325
54,Burger King,25.7491,-80.3355
55,Burger King,25.9852,-80.1628
56,Burger King,26.1888,-80.1317
57,Burger King,25.571,-80.3725
58,Burger King,25.5178,-80.4279
59,Burger King,25.7629,-80.3061
60,Burger King,26.2724,-80.266
61,Burger King,26.6218,-80.0887
62,Burger King,27.7915,-82.7311
63,Burger King,27.9379,-82.2861
64,Burger King,27.9256,-82.7874
65,Burger King,27.8434,-82.6467
66,Burger King,27.997,-82.5819
67,Burger King,26.352,-80.0867
68,Burger King,25.7323,-80.3816
69,Burger King,25.6853,-80.4226
70,Burger King,27.8937,-82.5186
71,Burger King,28.0332,-82.4593
72,Burger King,25.7009,-80.3665
73,Burger King,27.8392,-82.7868
74,Burger King,28.0545,-82.4509
75,Burger King,26.6508,-80.1122
76,Burger King,28.0325,-82.3933
77,Burger King,28.0257,-82.5052
78,Burger King,27.5435,-81.8107
79,Burger King,39.798,-75.5479
80,Burger King,41.5543,-87.6358
81,Burger King,36.0693,-80.2583
82,Burger King,41.7753,-88.3145
83,Burger King,41.1404,-87.8768
84,Burger King,40.0894,-75.3797
85,Burger King,40.5135,-74.4033
86,Burger King,44.8837,-93.3152
87,Burger King,42.0661,-87.9186
88,Burger King,42.0409,-87.7246
89,Burger King,42.0407,-87.8049
90,Burger King,32.7496,-96.8593
91,Burger King,35.595,-82.5325
92,Burger King,41.7346,-87.7424
93,Burger King,29.9753,-90.166
94,Burger King,42.0451,-88.079
95,Burger King,42.2559,-71.0329
96,Burger King,36.1018,-79.8227
97,Burger King,44.9423,-93.2781
98,Burger King,42.3532,-71.135
99,Burger King,41.7945,-87.723
100,Burger King,30.4509,-91.1396
101,Burger King,42.0304,-87.8946
102,Burger King,41.8595,-88.0632
103,Burger King,32.7866,-96.8562
104,Burger King,42.3806,-87.8556
105,Burger King,41.7483,-87.7978
106,Burger King,29.9123,-90.0511
107,Burger King,36.1079,-79.7493
108,Burger King,41.8081,-88.021
109,Burger King,40.1128,-88.283
110,Burger King,34.035,-81.0039
111,Burger King,34.818,-82.4196
112,Burger King,33.8204,-84.388
113,Burger King,32.0444,-81.0723
114,Burger King,42.0721,-71.0435
115,Burger King,40.0949,-75.2921
116,Burger King,30.498,-91.1538
117,Burger King,41.7365,-87.6232
118,Burger King,32.9055,-80.0206
119,Burger King,41.7696,-88.1482
120,Burger King,41.5249,-88.1245
121,Burger King,30.0015,-90.1322
122,Burger King,38.6321,-90.3459
123,Burger King,42.0193,-87.688
124,Burger King,38.8536,-77.3192
125,Burger King,32.7995,-96.7765
126,Burger King,41.5636,-73.0542
127,Burger King,34.9641,-81.9424
128,Burger King,41.8426,-87.7052
129,Burger King,44.8265,-93.28
130,Burger King,41.8692,-87.9357
131,Burger King,30.4198,-91.1775
132,Burger King,41.9559,-87.7501
133,Burger King,41.8651,-87.7915
134,Burger King,29.7895,-95.4097
135,Burger King,41.9955,-87.7155
136,Burger King,40.7099,-73.6145
137,Burger King,41.8897,-87.9923
138,Burger King,33.4758,-81.9994
139,Burger King,42.2507,-83.6636
140,Burger King,40.7124,-73.7841
141,Burger King,42.9908,-83.6532
142,Burger King,34.53,-82.6618
143,Burger King,30.1989,-92.0559
144,Burger King,41.8256,-87.6858
145,Burger King,33.828,-84.3301
146,Burger King,40.1404,-75.3869
147,Burger King,29.8955,-90.0893
148,Burger King,34.7399,-86.5999
149,Burger King,42.7311,-84.4679
150,Burger King,38.2883,-85.7291
151,Burger King,41.9313,-88.7703
152,Burger King,42.2612,-85.5894
153,Burger King,29.8027,-95.4874
154,Burger King,41.5698,-87.5092
155,Burger King,42.088,-87.7983
156,Burger King,43.0037,-83.7335
157,Burger King,43.0339,-85.6217
158,Burger King,39.8709,-75.0813
159,Burger King,44.9776,-93.065
160,Burger King,40.3038,-75.8562
161,Burger King,39.7039,-84.1409
162,Burger King,32.5163,-93.7161
163,Burger King,29.956,-90.12
164,Burger King,39.6275,-104.988
165,Burger King,43.2343,-86.2083
166,Burger King,32.8364,-96.7745
167,Burger King,41.9303,-87.8793
168,Burger King,32.3595,-86.2866
169,Burger King,30.8545,-83.2806
170,Burger King,40.6858,-73.3451
171,Burger King,41.3816,-81.7817
172,Burger King,38.8875,-77.179
173,Burger King,42.505,-83.0899
174,Burger King,35.9546,-83.9371
175,Burger King,32.0705,-81.1011
176,Burger King,40.6293,-75.4847
177,Burger King,39.9178,-75.331
178,Burger King,42.0796,-86.4364
179,Burger King,42.9857,-85.6982
180,Burger King,42.427,-83.3342
181,Burger King,41.9097,-87.7495
182,Burger King,32.8079,-83.6632
183,Burger King,40.6432,-75.3462
184,Burger King,34.8816,-82.3518
185,Burger King,35.7937,-78.6853
186,Burger King,41.4387,-81.8718
187,Burger King,37.2493,-79.9561
188,Burger King,29.7372,-95.3076
189,Burger King,42.2446,-70.9391
190,Burger King,43.0331,-83.6343
191,Burger King,39.1712,-76.6201
192,Burger King,39.9554,-82.8783
193,Burger King,29.9374,-90.0764
194,Burger King,32.4848,-84.9364
195,Burger King,40.1504,-75.3086
196,Burger King,29.727,-95.4184
197,Burger King,41.4196,-81.9135
198,Burger King,42.3613,-71.2393
199,Burger King,39.954,-83.0981
200,Burger King,30.6396,-88.1375
201,Burger King,30.0235,-90.0616
202,Burger King,41.6035,-83.626
203,Burger King,29.7941,-95.5435
204,Burger King,29.8286,-95.3755
205,Burger King,41.7048,-87.7401
206,Burger King,40.809,-73.6293
207,Burger King,38.7935,-90.3426
208,Burger King,39.0297,-76.9146
209,Burger King,39.74,-105.116
210,Burger King,39.8926,-82.9961
211,Burger King,42.017,-87.8428
212,Burger King,41.212,-80.7559
213,Burger King,40.032,-83.0008
214,Burger King,43.114,-76.1462
215,Burger King,36.0171,-78.912
216,Burger King,42.3032,-85.1993
217,Burger King,41.6426,-81.4681
218,Burger King,41.235,-96.0528
219,Burger King,40.742,-73.6613
220,Burger King,32.9098,-96.8565
221,Burger King,42.9127,-85.6507
222,Burger King,42.3693,-83.3215
223,Burger King,37.2904,-79.9887
224,Burger King,40.0181,-105.258
225,Burger King,41.04,-81.4911
226,Burger King,42.2528,-83.1943
227,Burger King,38.2526,-85.6506
228,Burger King,42.1543,-87.8033
229,Burger King,40.1519,-75.002
230,Burger King,38.7964,-77.1858
231,Burger King,43.0166,-88.0448
232,Burger King,40.6262,-75.4196
233,Burger King,40.0552,-75.0045
234,Burger King,42.2102,-70.9592
235,Burger King,34.8162,-87.6625
236,Burger King,42.267,-89.0787
237,Burger King,40.8325,-81.3879
238,Burger King,41.6955,-72.9096
239,Burger King,41.9294,-87.9784
240,Burger King,44.5203,-88.0662
241,Burger King,42.5753,-82.8881
242,Burger King,40.7962,-81.4268
243,Burger King,42.5336,-83.149
244,Burger King,42.6292,-71.3215
245,Burger King,41.4631,-75.6528
246,Burger King,41.3521,-72.0586
247,Burger King,39.8851,-104.978
248,Burger King,43.19,-86.2632
249,Burger King,33.4655,-86.8219
250,Burger King,40.6002,-79.9476
251,Burger King,42.4508,-82.9667
252,Burger King,40.6591,-74.2818
253,Burger King,39.7346,-75.6365
254,Burger King,41.6822,-86.8938
255,Burger King,41.3663,-82.0855
256,Burger King,34.0096,-85.9876
257,Burger King,34.6755,-92.3397
258,Burger King,40.4532,-86.9224
259,Burger King,40.2389,-74.2764
260,Burger King,41.7814,-71.4412
261,Burger King,41.2986,-96.0049
262,Burger King,40.5788,-75.4551
263,Burger King,40.4766,-86.1117
264,Burger King,39.3917,-74.532
265,Burger King,39.4365,-76.6246
266,Burger King,43.0163,-82.4504
267,Burger King,43.595,-83.8508
268,Burger King,42.9715,-85.64
269,Burger King,42.4894,-83.0279
270,Burger King,42.298,-83.2848
271,Burger King,39.353,-76.7558
272,Burger King,41.3872,-81.8532
273,Burger King,39.3997,-76.547
274,Burger King,41.2881,-96.0528
275,Burger King,30.2145,-92.022
276,Burger King,29.966,-90.0876
277,Burger King,33.4659,-111.92
278,Burger King,43.0479,-78.8768
279,Burger King,33.5097,-112.109
280,Burger King,42.4622,-83.3699
281,Burger King,41.514,-72.1063
282,Burger King,38.194,-85.807
283,Burger King,33.4947,-112.034
284,Burger King,40.9843,-74.1373
285,Burger King,32.8629,-79.9873
286,Burger King,42.2427,-83.5958
287,Burger King,38.5247,-90.3597
288,Burger King,32.0051,-81.12
289,Burger King,42.0357,-87.9409
290,Burger King,29.7449,-94.9501
291,Burger King,40.8965,-74.0383
292,Burger King,42.4507,-82.9377
293,Burger King,42.2561,-83.241
294,Burger King,43.0878,-78.9793
295,Burger King,41.2335,-80.4707
296,Burger King,35.5854,-82.602
297,Burger King,32.5054,-84.9735
298,Burger King,36.0955,-79.4078
299,Burger King,42.2826,-83.3699
300,Burger King,32.8161,-96.8101
301,Burger King,40.5426,-80.1919
302,Burger King,39.865,-75.4278
303,Burger King,39.3117,-76.4678
304,Burger King,41.4271,-82.1188
305,Burger King,40.2445,-74.7344
306,Burger King,41.035,-74.0327
307,Burger King,42.9135,-85.6983
308,Burger King,42.3564,-83.1971
309,Burger King,41.0769,-81.4964
310,Burger King,40.4228,-104.725
311,Burger King,42.9613,-78.6971
312,Burger King,41.6957,-83.6356
313,Burger King,42.2739,-71.0944
314,Burger King,41.8293,-87.8026
315,Burger King,42.2577,-88.0028
316,Burger King,41.1468,-95.9141
317,Burger King,29.8146,-95.4291
318,Burger King,39.7111,-105.053
319,Burger King,39.9533,-75.0622
320,Burger King,38.6462,-77.2642
321,Burger King,41.6538,-83.622
322,Burger King,40.0377,-76.2674
323,Burger King,36.541,-87.3652
324,Burger King,41.433,-82.7108
325,Burger King,39.9694,-75.298
326,Burger King,35.0608,-89.9057
327,Burger King,41.807,-73.1118
328,Burger King,33.725,-117.989
329,Burger King,41.477,-81.7701
330,Burger King,42.4475,-83.0775
331,Burger King,40.7628,-84.1494
332,Burger King,40.2692,-78.8571
333,Burger King,36.0224,-84.2452
334,Burger King,42.4624,-83.2783
335,Burger King,40.6247,-74.1442
336,Burger King,40.2441,-75.6152
337,Burger King,39.8282,-105.006
338,Burger King,40.8003,-77.849
339,Burger King,33.94,-117.97
340,Burger King,40.7593,-82.5619
341,Burger King,39.1506,-84.6276
342,Burger King,37.4036,-79.167
343,Burger King,42.4124,-82.9928
344,Burger King,34.0184,-118.111
345,Burger King,42.3159,-89.0749
346,Burger King,40.6294,-74.3076
347,Burger King,40.7258,-73.4814
348,Burger King,40.7409,-73.3216
349,Burger King,42.4887,-71.1004
350,Burger King,36.1446,-80.3003
351,Burger King,34.9265,-81.8782
352,Burger King,39.0934,-76.8548
353,Burger King,33.7599,-84.4026
354,Burger King,41.482,-72.81
355,Burger King,40.3236,-75.1306
356,Burger King,42.3258,-83.3206
357,Burger King,39.1824,-84.4266
358,Burger King,40.4016,-74.3104
359,Burger King,39.9756,-74.1578
360,Burger King,29.6691,-95.3566
361,Burger King,42.3777,-71.0898
362,Burger King,40.4056,-74.2328
363,Burger King,41.5202,-81.454
364,Burger King,42.4086,-83.2766
365,Burger King,35.0432,-78.9581
366,Burger King,39.7318,-82.6161
367,Burger King,39.7438,-84.1195
368,Burger King,41.6522,-70.2894
369,Burger King,40.0289,-82.4414
370,Burger King,38.1499,-85.8374
371,Burger King,42.5568,-70.8806
372,Burger King,38.6871,-90.3606
373,Burger King,40.6747,-73.4866
374,Burger King,42.7364,-73.762
375,Burger King,39.97,-82.01
376,Burger King,40.5097,-81.4518
377,Burger King,42.3352,-72.6364
378,Burger King,41.0644,-81.5708
379,Burger King,41.4502,-82.2025
380,Burger King,40.7256,-73.2384
381,Burger King,39.7964,-75.4657
382,Burger King,38.0471,-84.55
383,Burger King,33.8729,-118.119
384,Burger King,32.6052,-85.4801
385,Burger King,33.8375,-118.371
386,Burger King,39.2856,-76.5067
387,Burger King,38.7249,-90.1229
388,Burger King,40.3387,-76.4474
389,Burger King,41.4194,-81.6927
390,Burger King,39.743,-84.1827
391,Burger King,30.4025,-88.9352
392,Burger King,41.013,-81.6022
393,Burger King,42.2554,-83.1392
394,Burger King,40.7209,-74.2679
395,Burger King,32.5232,-92.0982
396,Burger King,41.5493,-87.2405
397,Burger King,42.5886,-83.0303
398,Burger King,33.8259,-117.941
399,Burger King,42.4498,-83.0018
400,Burger King,41.7734,-72.54
401,Burger King,38.981,-76.5275
402,Burger King,33.9573,-118.039
403,Burger King,33.8999,-118.352
404,Burger King,32.8201,-117.173
405,Burger King,33.9927,-118.443
406,Burger King,42.2755,-83.7777
407,Burger King,34.1,-118.074
408,Burger King,42.5216,-83.1894
409,Burger King,35.9324,-79.0249
410,Burger King,42.9285,-78.7539
411,Burger King,32.9514,-96.89
412,Burger King,35.7312,-78.6503
413,Burger King,35.8207,-78.6274
414,Burger King,32.8638,-96.6829
415,Burger King,42.6395,-83.3538
416,Burger King,40.7369,-73.7098
417,Burger King,45.1998,-93.3935
418,Burger King,40.6581,-73.6084
419,Burger King,42.4796,-83.149
420,Burger King,45.5532,-94.1977
421,Burger King,42.9026,-78.6967
422,Burger King,42.4075,-82.9255
423,Burger King,35.942,-80.0339
424,Burger King,45.0056,-93.1666
425,Burger King,40.6896,-73.4084
426,Burger King,40.8594,-73.077
427,Burger King,43.0607,-83.7269
428,Burger King,40.9342,-72.6715
429,Burger King,32.6779,-117.098
430,Burger King,32.8072,-96.6836
431,Burger King,40.8271,-73.1026
432,Burger King,39.6529,-104.93
433,Burger King,33.5224,-84.3631
434,Burger King,40.6666,-73.704
435,Burger King,42.4733,-82.9048
436,Burger King,42.9785,-78.7438
437,Burger King,40.6539,-73.5583
438,Burger King,44.972,-93.365
439,Burger King,41.2762,-72.8356
440,Burger King,41.2598,-95.9819
441,Burger King,41.2628,-96.09
442,Burger King,42.0825,-79.2298
443,Burger King,42.3596,-72.5662
444,Burger King,42.5824,-71.7748
445,Burger King,45.0051,-93.2472
446,Burger King,32.5841,-117.109
447,Burger King,40.7776,-73.5657
448,Burger King,42.2381,-83.2692
449,Burger King,32.7854,-116.971
450,Burger King,40.7879,-73.2161
451,Burger King,40.8104,-73.5049
452,Burger King,33.2014,-117.37
453,Burger King,29.6489,-95.5658
454,Burger King,34.7606,-84.9961
455,Burger King,32.6949,-96.894
456,Burger King,41.2151,-73.7198
457,Burger King,33.9629,-84.007
458,Burger King,36.0698,-79.8689
459,Burger King,29.8634,-95.473
460,Burger King,38.7294,-90.3847
461,Burger King,32.7521,-117.204
462,Burger King,41.003,-73.8134
463,Burger King,42.9924,-78.6967
464,Burger King,40.6533,-73.9189
465,Burger King,42.3322,-83.1765
466,Burger King,42.743,-71.1528
467,Burger King,33.7108,-84.2716
468,Burger King,40.8769,-73.8462
469,Burger King,41.7666,-72.7092
470,Burger King,35.9255,-79.9838
471,Burger King,42.5117,-83.3591
472,Burger King,40.8953,-73.8566
473,Burger King,42.8037,-78.7516
474,Burger King,29.8023,-95.3613
475,Burger King,40.8559,-73.8678
476,Burger King,40.6955,-73.5071
477,Burger King,33.1199,-96.1095
478,Burger King,33.0419,-97.021
479,Burger King,36.0668,-79.429
480,Burger King,40.6399,-73.6947
481,Burger King,35.8202,-78.5926
482,Burger King,33.9192,-84.3807
483,Burger King,38.5928,-89.9789
484,Burger King,44.732,-93.2181
485,Burger King,40.5847,-74.1684
486,Burger King,33.8622,-84.5973
487,Burger King,43.0168,-78.7671
488,Burger King,40.5431,-74.1638
489,Burger King,29.7327,-95.4464
490,Burger King,39.7399,-104.968
491,Burger King,42.8349,-78.8241
492,Burger King,42.7345,-78.8385
493,Burger King,43.6168,-84.7675
494,Burger King,40.7441,-73.9239
495,Burger King,42.2149,-83.5441
496,Burger King,42.3476,-71.5108
497,Burger King,41.1955,-73.141
498,Burger King,41.7382,-72.6683
499,Burger King,32.7931,-117.254
500,Burger King,41.2077,-96.0812
501,Burger King,40.8744,-73.4249
502,Burger King,42.148,-70.8453
503,Burger King,33.9597,-118.38
504,Burger King,41.1892,-96.0431
505,Burger King,41.217,-95.9468
506,Burger King,42.3498,-71.1024
507,Burger King,40.8015,-72.8651
508,Burger King,32.7427,-117.047
509,Burger King,40.9962,-73.6709
510,Burger King,33.873,-118.379
511,Burger King,36.0487,-79.8354
512,Burger King,32.9516,-117.062
513,Burger King,40.7632,-73.878
514,Burger King,34.0192,-118.47
515,Burger King,34.0188,-118.422
516,Burger King,42.4256,-71.0418
517,Burger King,33.9058,-84.2708
518,Burger King,40.7544,-73.8981
519,Burger King,40.7646,-73.8225
520,Burger King,32.9307,-96.8115
521,Burger King,30.007,-95.4641
522,Burger King,40.7386,-73.8855
523,Burger King,40.6758,-73.8667
524,Burger King,32.7179,-117.155
525,Burger King,34.0247,-118.286
526,Burger King,42.9476,-78.868
527,Burger King,40.9814,-73.829
528,Burger King,32.7936,-116.935
529,Burger King,39.6531,-104.998
530,Burger King,29.7064,-95.4059
531,Burger King,32.6081,-117.067
532,Burger King,42.9815,-78.8723
533,Burger King,42.9214,-78.7932
534,Burger King,29.6754,-95.5463
535,Burger King,32.917,-117.124
536,Burger King,47.6316,-122.146
537,Burger King,42.9595,-78.8142
538,Burger King,39.7187,-104.951
539,Burger King,37.4286,-121.91
540,Burger King,37.6945,-122.085
541,Burger King,42.2479,-71.0044
542,Burger King,37.9491,-122.332
543,Burger King,42.9298,-83.6324
544,Burger King,40.0726,-75.0336
545,Burger King,25.7633,-80.3095
546,Burger King,39.8119,-74.9843
547,Burger King,39.7853,-105.025
548,Burger King,33.8234,-84.1125
549,Burger King,42.5422,-83.7871
550,Burger King,27.8802,-82.8296
551,Burger King,27.9815,-82.4761
552,Burger King,29.1994,-81.0437
553,Burger King,29.8711,-95.333
554,Burger King,37.051,-76.4608
555,Burger King,40.8562,-74.0484
556,Burger King,40.235,-75.2901
557,Burger King,40.0726,-74.8524
558,Burger King,38.0082,-84.5181
559,Burger King,42.3501,-83.0339
560,Burger King,41.2126,-95.9887
561,Burger King,36.9301,-76.3176
562,Burger King,36.549,-82.5214
563,Burger King,39.8194,-76.9955
564,Burger King,41.1368,-81.355
565,Burger King,41.6735,-71.1611
566,Burger King,40.8112,-74.26
567,Burger King,40.685,-75.2504
568,Burger King,40.8417,-73.3057
569,Burger King,41.3848,-81.4355
570,Burger King,34.2892,-83.841
571,Burger King,29.6256,-95.2299
572,Burger King,42.369,-83.139
573,Burger King,40.1066,-85.653
574,Burger King,40.0866,-82.9716
575,Burger King,39.9214,-82.8795
576,Burger King,42.4736,-71.2129
577,Burger King,40.3255,-76.0163
578,Burger King,41.4544,-81.7929
579,Burger King,34.2012,-118.595
580,Burger King,34.2169,-118.449
581,Burger King,28.6579,-81.3439
582,Burger King,41.4056,-81.7347
583,Burger King,40.6903,-74.2914
584,Burger King,38.7748,-77.5027
585,Burger King,41.6059,-71.4554
586,Burger King,41.361,-72.1159
587,Burger King,40.7245,-73.5451
588,Burger King,41.4638,-81.8457
589,Burger King,41.2346,-75.9183
590,Burger King,29.7055,-95.4728
591,Burger King,34.2152,-118.388
592,Burger King,39.8095,-84.0266
593,Burger King,37.7334,-84.2974
594,Burger King,32.4159,-84.9434
595,Burger King,42.5168,-89.0382
596,Burger King,42.9651,-71.4468
597,Burger King,33.7002,-78.8744
598,Burger King,43.0884,-83.6941
599,Burger King,40.7459,-73.5994
600,Burger King,34.2354,-118.561
601,Burger King,39.6974,-75.7317
602,Burger King,33.504,-86.8073
603,Burger King,37.1287,-76.537
604,Burger King,42.2365,-70.9806
605,Burger King,36.8628,-76.4021
606,Burger King,30.3725,-88.5363
607,Burger King,40.5911,-74.0883
608,Burger King,40.8225,-74.0996
609,Burger King,33.9919,-80.9776
610,Burger King,37.2733,-79.8917
611,Burger King,42.0955,-88.0084
612,Burger King,40.8288,-73.4241
613,Burger King,39.93,-77.6399
614,Burger King,40.7052,-73.6517
615,Burger King,36.5587,-82.212
616,Burger King,40.7761,-73.0081
617,Burger King,36.7171,-79.911
618,Burger King,37.3133,-89.5509
619,Burger King,42.9605,-87.949
620,Burger King,41.2354,-80.8199
621,Burger King,41.8746,-87.976
622,Burger King,42.4964,-90.7203
623,Burger King,41.4061,-73.4191
624,Burger King,41.6024,-87.7925
625,Burger King,36.2651,-86.7114
626,Burger King,30.4638,-84.2849
627,Burger King,42.5481,-70.9431
628,Burger King,41.8918,-88.1055
629,Burger King,42.0065,-88.147
630,Burger King,33.9539,-80.3788
631,Burger King,41.7056,-71.4166
632,Burger King,41.4317,-81.5256
633,Burger King,31.5665,-84.1761
634,Burger King,40.0252,-83.0262
635,Burger King,40.6748,-76.2262
636,Burger King,41.9084,-87.6746
637,Burger King,40.932,-74.0257
638,Burger King,37.0308,-76.4212
639,Burger King,39.8313,-84.8425
640,Burger King,40.5517,-89.6085
641,Burger King,41.7918,-87.802
642,Burger King,42.8915,-85.6652
643,Burger King,43.0125,-85.6886
644,Burger King,40.5644,-74.1156
645,Burger King,30.1984,-93.2161
646,Burger King,30.4978,-91.1283
647,Burger King,32.5237,-92.6414
648,Burger King,29.6843,-91.2569
649,Burger King,29.9215,-95.4113
650,Burger King,40.5775,-74.2941
651,Burger King,39.9386,-82.8312
652,Burger King,41.4618,-81.6439
653,Burger King,33.5935,-101.87
654,Burger King,40.9701,-73.9539
655,Burger King,28.6064,-81.3945
656,Burger King,29.6907,-95.2256
657,Burger King,36.2125,-83.2898
658,Burger King,36.8374,-76.1797
659,Burger King,41.763,-87.9453
660,Burger King,42.2911,-85.5943
661,Burger King,41.5036,-81.6276
662,Burger King,39.8933,-83.0838
663,Burger King,36.8799,-89.576
664,Burger King,43.0828,-75.3262
665,Burger King,27.9896,-82.7299
666,Burger King,29.6224,-90.7488
667,Burger King,29.9728,-90.0488
668,Burger King,31.5497,-91.3459
669,Burger King,36.8603,-76.2097
670,Burger King,39.6375,-77.71
671,Burger King,43.0347,-70.7799
672,Burger King,44.0847,-70.2045
673,Burger King,41.4609,-81.7339
674,Burger King,30.3253,-81.5471
675,Burger King,30.6758,-88.1436
676,Burger King,42.2513,-84.384
677,Burger King,41.9587,-87.8074
678,Burger King,39.6381,-84.2253
679,Burger King,36.2025,-81.6565
680,Burger King,32.5172,-92.1574
681,Burger King,27.6367,-80.389
682,Burger King,40.593,-73.9325
683,Burger King,41.239,-75.8485
684,Burger King,43.6749,-70.3231
685,Burger King,35.0606,-89.9977
686,Burger King,32.7853,-79.9539
687,Burger King,33.6823,-78.8946
688,Burger King,41.4805,-87.6375
689,Burger King,41.5655,-87.559
690,Burger King,41.5184,-71.2999
691,Burger King,39.9577,-83.0389
692,Burger King,34.7243,-86.6274
693,Burger King,32.0292,-81.1111
694,Burger King,37.2409,-93.3011
695,Burger King,43.0179,-71.4491
696,Burger King,40.7656,-81.3821
697,Burger King,41.9543,-87.6631
698,Burger King,42.1066,-88.258
699,Burger King,40.8445,-74.2285
700,Burger King,40.8638,-74.3973
701,Burger King,40.8561,-74.6538
702,Burger King,40.4699,-74.4696
703,Burger King,40.8849,-74.2113
704,Burger King,40.8864,-74.534
705,Burger King,40.9923,-74.3662
706,Burger King,38.4057,-104.639
707,Burger King,41.6628,-87.6607
708,Burger King,41.7512,-87.6143
709,Burger King,33.5595,-86.7305
710,Burger King,45.4866,-122.785
711,Burger King,30.433,-91.0576
712,Burger King,37.5046,-77.5067
713,Burger King,33.668,-85.827
714,Burger King,42.7796,-71.4986
715,Burger King,38.019,-87.5742
716,Burger King,39.0776,-108.545
717,Burger King,43.6365,-70.3315
718,Burger King,30.4727,-87.2104
719,Burger King,36.8335,-76.3405
720,Burger King,35.7822,-83.5508
721,Burger King,41.7502,-87.7031
722,Burger King,34.7313,-80.777
723,Burger King,33.8703,-98.5362
724,Burger King,29.8326,-95.5031
725,Burger King,41.6497,-83.5213
726,Burger King,38.0732,-78.901
727,Burger King,37.1952,-77.376
728,Burger King,39.9052,-86.0589
729,Burger King,34.1923,-79.8086
730,Burger King,36.1005,-80.2289
731,Burger King,42.3753,-83.0768
732,Burger King,44.7641,-85.5963
733,Burger King,28.5534,-81.3364
734,Burger King,43.0961,-75.2425
735,Burger King,28.5862,-80.8021
736,Burger King,40.5977,-73.961
737,Burger King,31.5719,-84.1008
738,Burger King,41.4697,-81.7057
739,Burger King,42.3023,-71.403
740,Burger King,30.0035,-90.1523
741,Burger King,30.006,-90.194
742,Burger King,29.8126,-95.3169
743,Burger King,34.7447,-77.3794
744,Burger King,41.7219,-87.6203
745,Burger King,41.8505,-87.6239
746,Burger King,39.877,-88.9417
747,Burger King,42.446,-83.1653
748,Burger King,30.5885,-91.1679
749,Burger King,30.434,-91.1104
750,Burger King,38.1329,-79.0632
751,Burger King,33.5477,-101.923
752,Burger King,42.0399,-88.2806
753,Burger King,32.469,-84.9874
754,Burger King,42.2404,-89.0721
755,Burger King,28.3044,-81.4121
756,Burger King,41.0528,-83.6159
757,Burger King,44.1141,-70.2243
758,Burger King,37.4627,-77.4429
759,Burger King,30.2921,-97.7412
760,Burger King,42.224,-85.5893
761,Burger King,37.2908,-80.0711
762,Burger King,29.9789,-90.2254
763,Burger King,41.6929,-87.7011
764,Burger King,41.7335,-71.436
765,Burger King,42.9125,-85.5965
766,Burger King,34.513,-117.321
767,Burger King,41.5495,-87.4141
768,Burger King,33.9601,-118.301
769,Burger King,37.7262,-89.228
770,Burger King,41.6227,-87.5905
771,Burger King,41.4938,-75.5508
772,Burger King,39.9052,-79.738
773,Burger King,29.6594,-82.4084
774,Burger King,41.0106,-74.1195
775,Burger King,40.8973,-74.0988
776,Burger King,40.7488,-74.3992
777,Burger King,41.0782,-74.1585
778,Burger King,40.9144,-81.106
779,Burger King,40.6853,-74.1
780,Burger King,43.2304,-75.4393
781,Burger King,31.1936,-81.4861
782,Burger King,39.637,-78.8446
783,Burger King,32.8012,-80.0186
784,Burger King,40.9257,-74.2685
785,Burger King,42.7665,-71.218
786,Burger King,43.5578,-71.4549
787,Burger King,33.1991,-87.5509
788,Burger King,41.0491,-73.8091
789,Burger King,40.6082,-73.96
790,Burger King,34.6236,-98.4277
791,Burger King,43.2029,-77.6465
792,Burger King,41.446,-81.7658
793,Burger King,41.6324,-87.7378
794,Burger King,41.9395,-87.6987
795,Burger King,30.501,-90.4829
796,Burger King,31.9915,-81.0943
797,Burger King,30.0178,-90.2392
798,Burger King,36.8547,-76.2741
799,Burger King,40.0123,-82.8669
800,Burger King,35.8279,-90.6779
801,Burger King,40.797,-81.4855
802,Burger King,41.9112,-87.9399
803,Burger King,42.1574,-75.8958
804,Burger King,33.9171,-118.265
805,Burger King,40.6641,-74.3885
806,Burger King,42.108,-72.5764
807,Burger King,43.2167,-71.5062
808,Burger King,43.628,-72.3227
809,Burger King,40.5833,-73.9866
810,Burger King,45.519,-122.56
811,Burger King,29.9916,-91.8315
812,Burger King,30.5195,-92.0747
813,Burger King,30.2071,-93.1804
814,Burger King,30.2198,-93.3764
815,Burger King,37.6175,-77.5232
816,Burger King,38.2356,-104.661
817,Burger King,40.8906,-73.898
818,Burger King,42.0083,-87.941
819,Burger King,32.4536,-92.0865
820,Burger King,32.5632,-92.0423
821,Burger King,30.2856,-89.7784
822,Burger King,42.3381,-85.1808
823,Burger King,30.4733,-91.1681
824,Burger King,29.7987,-90.8174
825,Burger King,30.307,-97.7519
826,Burger King,29.2209,-81.0476
827,Burger King,31.6075,-84.2083
828,Burger King,41.3152,-72.938
829,Burger King,38.6589,-121.349
830,Burger King,29.9046,-90.0302
831,Burger King,40.809,-74.3803
832,Burger King,41.9251,-87.6634
833,Burger King,32.6532,-85.3769
834,Burger King,32.7326,-79.9694
835,Burger King,41.8239,-71.4982
836,Burger King,44.5563,-69.6296
837,Burger King,42.0848,-78.4297
838,Burger King,31.6883,-89.1353
839,Burger King,41.5278,-88.0724
840,Burger King,32.4009,-80.685
841,Burger King,42.6211,-73.7359
842,Burger King,35.3974,-118.971
843,Burger King,30.43,-81.6609
844,Burger King,42.6774,-84.5481
845,Burger King,36.341,-82.3757
846,Burger King,33.1744,-87.5249
847,Burger King,40.5396,-85.6735
848,Burger King,40.4536,-86.1285
849,Burger King,34.1614,-86.8359
850,Burger King,35.2162,-89.9138
851,Burger King,30.5915,-88.1838
852,Burger King,38.008,-121.32
853,Burger King,41.6221,-80.2051
854,Burger King,41.8574,-71.3547
855,Burger King,40.053,-74.141
856,Burger King,40.5624,-74.5787
857,Burger King,28.5103,-81.3765
858,Burger King,40.2051,-75.0972
859,Burger King,40.1716,-74.0591
860,Burger King,29.9205,-90.0124
861,Burger King,41.8959,-87.6855
862,Burger King,35.278,-81.5389
863,Burger King,40.0905,-76.3468
864,Burger King,28.6259,-81.3164
865,Burger King,37.5672,-77.4442
866,Burger King,42.7409,-84.5079
867,Burger King,40.8545,-74.1217
868,Burger King,40.83,-73.9799
869,Burger King,41.9111,-87.6334
870,Burger King,45.5343,-122.659
871,Burger King,29.5773,-90.6887
872,Burger King,36.8051,-76.3824
873,Burger King,29.2835,-81.036
874,Burger King,38.5954,-121.346
875,Burger King,29.8748,-90.1128
876,Burger King,43.5466,-96.7087
877,Burger King,30.2271,-92.0169
878,Burger King,41.822,-71.3559
879,Burger King,44.8621,-93.2758
880,Burger King,38.9023,-77.0372
881,Burger King,40.7308,-84.0717
882,Burger King,36.7726,-119.754
883,Burger King,40.823,-81.934
884,Burger King,32.1032,-81.1492
885,Burger King,40.7914,-74.0147
886,Burger King,43.1956,-77.6016
887,Burger King,41.4281,-81.6139
888,Burger King,38.449,-78.8652
889,Burger King,40.6469,-73.982
890,Burger King,37.0751,-94.4774
891,Burger King,39.9583,-76.6811
892,Burger King,42.4496,-71.0265
893,Burger King,30.4603,-91.0516
894,Burger King,33.4839,-80.8686
895,Burger King,36.8586,-75.9826
896,Burger King,44.4422,-73.21
897,Burger King,44.9559,-93.1141
898,Burger King,35.606,-87.0655
899,Burger King,43.9767,-75.9376
900,Burger King,28.2088,-82.7393
901,Burger King,37.32,-121.973
902,Burger King,35.74,-81.6807
903,Burger King,40.1431,-75.1149
904,Burger King,35.2097,-80.7572
905,Burger King,42.9055,-85.7756
906,Burger King,32.4311,-87.0352
907,Burger King,37.2327,-80.42
908,Burger King,41.5015,-81.5322
909,Burger King,33.4801,-111.989
910,Burger King,35.2221,-101.83
911,Burger King,30.5591,-91.1331
912,Burger King,37.6514,-97.3541
913,Burger King,44.0877,-103.194
914,Burger King,40.6022,-73.9945
915,Burger King,47.9073,-97.0452
916,Burger King,42.1065,-76.0209
917,Burger King,27.1904,-80.2521
918,Burger King,41.863,-80.7971
919,Burger King,45.4128,-122.63
920,Burger King,30.3807,-89.0933
921,Burger King,32.6184,-83.6464
922,Burger King,36.8408,-76.0974
923,Burger King,31.2474,-90.4705
924,Burger King,42.0811,-86.4853
925,Burger King,31.9983,-102.106
926,Burger King,41.6896,-87.8173
927,Burger King,32.7938,-79.8637
928,Burger King,41.0966,-73.4462
929,Burger King,40.0273,-75.0649
930,Burger King,45.0275,-84.6853
931,Burger King,40.7997,-81.3764
932,Burger King,30.2534,-93.1807
933,Burger King,30.6219,-87.0447
934,Burger King,31.7539,-93.0837
935,Burger King,30.1647,-81.7449
936,Burger King,26.6647,-81.8878
937,Burger King,41.1383,-104.789
938,Burger King,36.8024,-76.3231
939,Burger King,37.5177,-77.3423
940,Burger King,42.3652,-71.0614
941,Burger King,34.0273,-118.335
942,Burger King,39.7824,-75.0566
943,Burger King,41.7113,-71.4894
944,Burger King,48.2198,-101.296
945,Burger King,38.9427,-95.2506
946,Burger King,33.5817,-112.12
947,Burger King,42.3156,-83.109
948,Burger King,43.0331,-76.1904
949,Burger King,43.1026,-77.4816
950,Burger King,44.9417,-122.983
951,Burger King,33.9076,-117.458
952,Burger King,36.5995,-121.85
953,Burger King,43.2019,-77.9429
954,Burger King,44.0598,-122.998
955,Burger King,43.1164,-75.2895
956,Burger King,43.1145,-75.2055
957,Burger King,40.0325,-75.0839
958,Burger King,42.1634,-71.041
959,Burger King,41.7318,-71.1719
960,Burger King,42.1044,-75.878
961,Burger King,46.8628,-96.8393
962,Burger King,42.049,-87.6806
963,Burger King,47.4943,-111.28
964,Burger King,38.0572,-97.9281
965,Burger King,41.4515,-96.4976
966,Burger King,37.3522,-121.999
967,Burger King,41.2383,-73.0368
968,Burger King,32.3052,-95.3009
969,Burger King,39.7758,-94.8035
970,Burger King,30.1808,-82.6606
971,Burger King,35.1146,-89.9015
972,Burger King,38.6784,-121.265
973,Burger King,41.1289,-77.467
974,Burger King,30.762,-86.5743
975,Burger King,34.1721,-79.7651
976,Burger King,43.5899,-116.241
977,Burger King,31.2174,-81.5194
978,Burger King,28.47,-81.3964
979,Burger King,37.7229,-97.3661
980,Burger King,31.3119,-89.3112
981,Burger King,29.9561,-90.0776
982,Burger King,38.9116,-78.1884
983,Burger King,42.023,-93.6124
984,Burger King,39.3573,-76.7037
985,Burger King,39.2894,-76.7273
986,Burger King,39.6354,-86.1244
987,Burger King,42.2688,-88.8542
988,Burger King,30.3516,-81.5977
989,Burger King,32.452,-99.7676
990,Burger King,32.7806,-91.9021
991,Burger King,39.1631,-78.1834
992,Burger King,32.6712,-114.624
993,Burger King,40.9642,-76.6148
994,Burger King,40.8397,-74.8238
995,Burger King,34.1459,-118.115
996,Burger King,40.0319,-74.9276
997,Burger King,42.993,-84.548
998,Burger King,45.4945,-122.579
999,Burger King,40.4156,-74.3698
